average_frametime_ms,23.951
frame,timestamp_ms,frametime_ms
0,1240,34.000
1,1261,21.000
2,1287,26.000
3,1309,22.000
4,1331,22.000
5,1351,20.000
6,1370,19.000
7,1390,20.000
8,1410,20.000
9,1431,21.000
10,1451,20.000
11,1471,20.000
12,1492,21.000
13,1512,20.000
14,1532,20.000
15,1552,20.000
16,1572,20.000
17,1591,19.000
18,1611,20.000
19,1631,20.000
20,1652,21.000
21,1672,20.000
22,1692,20.000
23,1711,19.000
24,1732,21.000
25,1752,20.000
26,1772,20.000
27,1792,20.000
28,1812,20.000
29,1832,20.000
30,1852,20.000
31,1873,21.000
32,1893,20.000
33,1914,21.000
34,1935,21.000
35,1955,20.000
36,1975,20.000
37,1995,20.000
38,2015,20.000
39,2035,20.000
40,2055,20.000
41,2075,20.000
42,2097,22.000
43,2119,22.000
44,2141,22.000
45,2161,20.000
46,2181,20.000
47,2201,20.000
48,2221,20.000
0,2241,20.000
1,2261,20.000
2,2280,19.000
3,2300,20.000
4,2320,20.000
5,2341,21.000
6,2361,20.000
7,2381,20.000
8,2401,20.000
9,2421,20.000
10,2440,19.000
11,2460,20.000
12,2480,20.000
13,2500,20.000
14,2520,20.000
15,2540,20.000
16,2560,20.000
17,2581,21.000
18,2601,20.000
19,2623,22.000
20,2644,21.000
21,2664,20.000
22,2684,20.000
23,2704,20.000
24,2725,21.000
25,2746,21.000
26,2766,20.000
27,2788,22.000
28,2808,20.000
29,2828,20.000
30,2849,21.000
31,2870,21.000
32,2890,20.000
33,2911,21.000
34,2931,20.000
35,2951,20.000
36,2971,20.000
37,2991,20.000
38,3011,20.000
39,3032,21.000
40,3052,20.000
41,3072,20.000
42,3092,20.000
43,3112,20.000
44,3132,20.000
45,3152,20.000
46,3172,20.000
47,3192,20.000
48,3211,19.000
49,3231,20.000
0,3251,20.000
1,3272,21.000
2,3292,20.000
3,3312,20.000
4,3332,20.000
5,3352,20.000
6,3373,21.000
7,3393,20.000
8,3412,19.000
9,3432,20.000
10,3452,20.000
11,3472,20.000
12,3492,20.000
13,3512,20.000
14,3533,21.000
15,3553,20.000
16,3572,19.000
17,3593,21.000
18,3613,20.000
19,3633,20.000
20,3653,20.000
21,3674,21.000
22,3694,20.000
23,3714,20.000
24,3734,20.000
25,3755,21.000
26,3775,20.000
27,3795,20.000
28,3815,20.000
29,3835,20.000
30,3855,20.000
31,3875,20.000
32,3895,20.000
33,3915,20.000
34,3935,20.000
35,3955,20.000
36,3976,21.000
37,3996,20.000
38,4017,21.000
39,4037,20.000
40,4057,20.000
41,4078,21.000
42,4098,20.000
43,4119,21.000
44,4139,20.000
45,4160,21.000
46,4180,20.000
47,4200,20.000
48,4222,22.000
49,4242,20.000
0,4263,21.000
1,4283,20.000
2,4303,20.000
3,4325,22.000
4,4345,20.000
5,4366,21.000
6,4386,20.000
7,4406,20.000
8,4427,21.000
9,4447,20.000
10,4467,20.000
11,4487,20.000
12,4508,21.000
13,4528,20.000
14,4549,21.000
15,4569,20.000
16,4589,20.000
17,4609,20.000
18,4630,21.000
19,4651,21.000
20,4671,20.000
21,4692,21.000
22,4712,20.000
23,4732,20.000
24,4754,22.000
25,4775,21.000
26,4795,20.000
27,4816,21.000
28,4837,21.000
29,4858,21.000
30,4879,21.000
31,4900,21.000
32,4920,20.000
33,4941,21.000
34,4961,20.000
35,4982,21.000
36,5002,20.000
37,5023,21.000
38,5044,21.000
39,5064,20.000
40,5084,20.000
41,5105,21.000
42,5125,20.000
43,5145,20.000
44,5165,20.000
45,5186,21.000
46,5207,21.000
47,5228,21.000
48,5249,21.000
0,5270,21.000
1,5290,20.000
2,5311,21.000
3,5331,20.000
4,5352,21.000
5,5372,20.000
6,5392,20.000
7,5412,20.000
8,5432,20.000
9,5453,21.000
10,5473,20.000
11,5493,20.000
12,5514,21.000
13,5534,20.000
14,5554,20.000
15,5574,20.000
16,5595,21.000
17,5616,21.000
18,5637,21.000
19,5657,20.000
20,5678,21.000
21,5698,20.000
22,5719,21.000
23,5740,21.000
24,5760,20.000
25,5780,20.000
26,5801,21.000
27,5821,20.000
28,5842,21.000
29,5862,20.000
30,5882,20.000
31,5903,21.000
32,5923,20.000
33,5944,21.000
34,5965,21.000
35,5986,21.000
36,6007,21.000
37,6027,20.000
38,6048,21.000
39,6069,21.000
40,6090,21.000
41,6110,20.000
42,6131,21.000
43,6151,20.000
44,6172,21.000
45,6192,20.000
46,6213,21.000
47,6233,20.000
48,6255,22.000
0,6275,20.000
1,6296,21.000
2,6316,20.000
3,6336,20.000
4,6357,21.000
5,6378,21.000
6,6398,20.000
7,6419,21.000
8,6439,20.000
9,6460,21.000
10,6480,20.000
11,6500,20.000
12,6521,21.000
13,6541,20.000
14,6562,21.000
15,6582,20.000
16,6603,21.000
17,6623,20.000
18,6644,21.000
19,6664,20.000
20,6685,21.000
21,6705,20.000
22,6726,21.000
23,6746,20.000
24,6767,21.000
25,6788,21.000
26,6808,20.000
27,6829,21.000
28,6850,21.000
29,6870,20.000
30,6890,20.000
31,6911,21.000
32,6931,20.000
33,6951,20.000
34,6972,21.000
35,6993,21.000
36,7013,20.000
37,7033,20.000
38,7053,20.000
39,7074,21.000
40,7095,21.000
41,7115,20.000
42,7135,20.000
43,7156,21.000
44,7178,22.000
45,7199,21.000
46,7219,20.000
47,7242,23.000
48,7262,20.000
0,7283,21.000
1,7304,21.000
2,7324,20.000
3,7344,20.000
4,7365,21.000
5,7385,20.000
6,7405,20.000
7,7425,20.000
8,7446,21.000
9,7467,21.000
10,7487,20.000
11,7508,21.000
12,7530,22.000
13,7550,20.000
14,7572,22.000
15,7594,22.000
16,7615,21.000
17,7635,20.000
18,7655,20.000
19,7676,21.000
20,7696,20.000
21,7717,21.000
22,7738,21.000
23,7759,21.000
24,7779,20.000
25,7800,21.000
26,7821,21.000
27,7842,21.000
28,7862,20.000
29,7882,20.000
30,7903,21.000
31,7924,21.000
32,7944,20.000
33,7965,21.000
34,7986,21.000
35,8007,21.000
36,8028,21.000
37,8049,21.000
38,8069,20.000
39,8090,21.000
40,8111,21.000
41,8131,20.000
42,8152,21.000
43,8172,20.000
44,8193,21.000
45,8214,21.000
46,8234,20.000
47,8255,21.000
48,8275,20.000
0,8295,20.000
1,8316,21.000
2,8337,21.000
3,8358,21.000
4,8379,21.000
5,8400,21.000
6,8421,21.000
7,8442,21.000
8,8464,22.000
9,8486,22.000
10,8508,22.000
11,8529,21.000
12,8552,23.000
13,8573,21.000
14,8596,23.000
15,8619,23.000
16,8641,22.000
17,8663,22.000
18,8684,21.000
19,8704,20.000
20,8726,22.000
21,8747,21.000
22,8768,21.000
23,8789,21.000
24,8811,22.000
25,8833,22.000
26,8854,21.000
27,8875,21.000
28,8895,20.000
29,8916,21.000
30,8936,20.000
31,8957,21.000
32,8977,20.000
33,8998,21.000
34,9020,22.000
35,9041,21.000
36,9061,20.000
37,9082,21.000
38,9103,21.000
39,9123,20.000
40,9144,21.000
41,9165,21.000
42,9185,20.000
43,9206,21.000
44,9226,20.000
45,9248,22.000
46,9269,21.000
47,9289,20.000
0,9310,21.000
1,9331,21.000
2,9351,20.000
3,9372,21.000
4,9393,21.000
5,9414,21.000
6,9434,20.000
7,9455,21.000
8,9476,21.000
9,9497,21.000
10,9518,21.000
11,9538,20.000
12,9559,21.000
13,9579,20.000
14,9600,21.000
15,9620,20.000
16,9641,21.000
17,9662,21.000
18,9683,21.000
19,9703,20.000
20,9724,21.000
21,9744,20.000
22,9765,21.000
23,9786,21.000
24,9806,20.000
25,9827,21.000
26,9847,20.000
27,9868,21.000
28,9889,21.000
29,9909,20.000
30,9929,20.000
31,9950,21.000
32,9970,20.000
33,9991,21.000
34,10011,20.000
35,10032,21.000
36,10052,20.000
37,10073,21.000
38,10094,21.000
39,10114,20.000
40,10135,21.000
41,10157,22.000
42,10178,21.000
43,10198,20.000
44,10219,21.000
45,10240,21.000
46,10261,21.000
47,10281,20.000
48,10302,21.000
0,10322,20.000
1,10343,21.000
2,10365,22.000
3,10387,22.000
4,10407,20.000
5,10428,21.000
6,10448,20.000
7,10469,21.000
8,10490,21.000
9,10510,20.000
10,10531,21.000
11,10553,22.000
12,10574,21.000
13,10594,20.000
14,10615,21.000
15,10636,21.000
16,10658,22.000
17,10679,21.000
18,10700,21.000
19,10720,20.000
20,10741,21.000
21,10762,21.000
22,10783,21.000
23,10804,21.000
24,10825,21.000
25,10846,21.000
26,10866,20.000
27,10888,22.000
28,10909,21.000
29,10929,20.000
30,10949,20.000
31,10970,21.000
32,10991,21.000
33,11011,20.000
34,11032,21.000
35,11054,22.000
36,11074,20.000
37,11095,21.000
38,11115,20.000
39,11136,21.000
40,11157,21.000
41,11178,21.000
42,11198,20.000
43,11220,22.000
44,11241,21.000
45,11262,21.000
46,11282,20.000
47,11303,21.000
0,11323,20.000
1,11344,21.000
2,11365,21.000
3,11386,21.000
4,11407,21.000
5,11428,21.000
6,11449,21.000
7,11470,21.000
8,11491,21.000
9,11512,21.000
10,11533,21.000
11,11554,21.000
12,11575,21.000
13,11596,21.000
14,11616,20.000
15,11637,21.000
16,11657,20.000
17,11678,21.000
18,11700,22.000
19,11720,20.000
20,11741,21.000
21,11762,21.000
22,11784,22.000
23,11805,21.000
24,11825,20.000
25,11846,21.000
26,11867,21.000
27,11888,21.000
28,11909,21.000
29,11929,20.000
30,11950,21.000
31,11970,20.000
32,11991,21.000
33,12011,20.000
34,12032,21.000
35,12053,21.000
36,12074,21.000
37,12094,20.000
38,12115,21.000
39,12136,21.000
40,12157,21.000
41,12178,21.000
42,12199,21.000
43,12221,22.000
44,12242,21.000
45,12263,21.000
46,12284,21.000
47,12306,22.000
0,12327,21.000
1,12347,20.000
2,12369,22.000
3,12391,22.000
4,12411,20.000
5,12432,21.000
6,12452,20.000
7,12474,22.000
8,12495,21.000
9,12516,21.000
10,12537,21.000
11,12558,21.000
12,12581,23.000
13,12602,21.000
14,12623,21.000
15,12643,20.000
16,12664,21.000
17,12685,21.000
18,12706,21.000
19,12727,21.000
20,12748,21.000
21,12770,22.000
22,12791,21.000
23,12812,21.000
24,12833,21.000
25,12854,21.000
26,12875,21.000
27,12896,21.000
28,12917,21.000
29,12937,20.000
30,12958,21.000
31,12979,21.000
32,13000,21.000
33,13021,21.000
34,13042,21.000
35,13063,21.000
36,13084,21.000
37,13105,21.000
38,13125,20.000
39,13147,22.000
40,13170,23.000
41,13192,22.000
42,13212,20.000
43,13233,21.000
44,13253,20.000
45,13274,21.000
46,13295,21.000
47,13315,20.000
0,13336,21.000
1,13357,21.000
2,13377,20.000
3,13398,21.000
4,13419,21.000
5,13439,20.000
6,13461,22.000
7,13482,21.000
8,13503,21.000
9,13525,22.000
10,13546,21.000
11,13568,22.000
12,13588,20.000
13,13610,22.000
14,13631,21.000
15,13652,21.000
16,13673,21.000
17,13696,23.000
18,13717,21.000
19,13739,22.000
20,13760,21.000
21,13782,22.000
22,13803,21.000
23,13824,21.000
24,13845,21.000
25,13867,22.000
26,13889,22.000
27,13910,21.000
28,13932,22.000
29,13953,21.000
30,13973,20.000
31,13994,21.000
32,14015,21.000
33,14036,21.000
34,14057,21.000
35,14078,21.000
36,14099,21.000
37,14120,21.000
38,14141,21.000
39,14162,21.000
40,14183,21.000
41,14204,21.000
42,14225,21.000
43,14246,21.000
44,14267,21.000
45,14289,22.000
46,14310,21.000
47,14332,22.000
0,14352,20.000
1,14373,21.000
2,14394,21.000
3,14415,21.000
4,14436,21.000
5,14457,21.000
6,14479,22.000
7,14500,21.000
8,14521,21.000
9,14541,20.000
10,14562,21.000
11,14584,22.000
12,14605,21.000
13,14626,21.000
14,14647,21.000
15,14668,21.000
16,14689,21.000
17,14710,21.000
18,14731,21.000
19,14752,21.000
20,14773,21.000
21,14793,20.000
22,14816,23.000
23,14836,20.000
24,14857,21.000
25,14878,21.000
26,14899,21.000
27,14920,21.000
28,14940,20.000
29,14961,21.000
30,14982,21.000
31,15003,21.000
32,15025,22.000
33,15046,21.000
34,15067,21.000
35,15088,21.000
36,15108,20.000
37,15129,21.000
38,15150,21.000
39,15172,22.000
40,15193,21.000
41,15214,21.000
42,15235,21.000
43,15255,20.000
44,15276,21.000
45,15297,21.000
46,15318,21.000
47,15340,22.000
0,15362,22.000
1,15384,22.000
2,15404,20.000
3,15425,21.000
4,15447,22.000
5,15468,21.000
6,15489,21.000
7,15510,21.000
8,15531,21.000
9,15553,22.000
10,15575,22.000
11,15596,21.000
12,15617,21.000
13,15638,21.000
14,15660,22.000
15,15682,22.000
16,15703,21.000
17,15724,21.000
18,15745,21.000
19,15767,22.000
20,15789,22.000
21,15811,22.000
22,15832,21.000
23,15852,20.000
24,15874,22.000
25,15894,20.000
26,15916,22.000
27,15937,21.000
28,15959,22.000
29,15981,22.000
30,16002,21.000
31,16024,22.000
32,16045,21.000
33,16066,21.000
34,16088,22.000
35,16109,21.000
36,16130,21.000
37,16151,21.000
38,16173,22.000
39,16334,161.000
40,17326,992.000
0,18324,998.000
1,19327,1003.000
0,20322,995.000
1,21043,721.000
0,21062,19.000
1,21084,22.000
2,21106,22.000
3,21128,22.000
4,21148,20.000
5,21168,20.000
6,21189,21.000
7,21209,20.000
8,21230,21.000
9,21250,20.000
10,21270,20.000
11,21291,21.000
12,21312,21.000
13,21332,20.000
14,21353,21.000
15,21373,20.000
16,21394,21.000
17,21414,20.000
18,21433,19.000
19,21454,21.000
20,21474,20.000
21,21495,21.000
22,21516,21.000
23,21536,20.000
24,21557,21.000
25,21578,21.000
26,21599,21.000
27,21622,23.000
28,21643,21.000
29,21664,21.000
30,21685,21.000
31,21707,22.000
32,21728,21.000
33,21748,20.000
34,21769,21.000
35,21790,21.000
36,21811,21.000
37,21831,20.000
38,21852,21.000
39,21872,20.000
40,21893,21.000
41,21913,20.000
42,21934,21.000
43,21954,20.000
44,21977,23.000
45,21997,20.000
46,22018,21.000
47,22039,21.000
48,22060,21.000
0,22081,21.000
1,22101,20.000
2,22124,23.000
3,22146,22.000
4,22168,22.000
5,22189,21.000
6,22210,21.000
7,22231,21.000
8,22252,21.000
9,22275,23.000
10,22296,21.000
11,22317,21.000
12,22337,20.000
13,22357,20.000
14,22377,20.000
15,22397,20.000
16,22417,20.000
17,22438,21.000
18,22458,20.000
19,22478,20.000
20,22499,21.000
21,22519,20.000
22,22541,22.000
23,22562,21.000
24,22582,20.000
25,22603,21.000
26,22625,22.000
27,22645,20.000
28,22666,21.000
29,22686,20.000
30,22707,21.000
31,22728,21.000
32,22749,21.000
33,22770,21.000
34,22790,20.000
35,22812,22.000
36,22832,20.000
37,22853,21.000
38,22873,20.000
39,22894,21.000
40,22914,20.000
41,22935,21.000
42,22955,20.000
43,22975,20.000
44,22996,21.000
45,23016,20.000
46,23036,20.000
47,23056,20.000
48,23079,23.000
0,23101,22.000
1,23123,22.000
2,23144,21.000
3,23165,21.000
4,23185,20.000
5,23205,20.000
6,23225,20.000
7,23245,20.000
8,23266,21.000
9,23286,20.000
10,23307,21.000
11,23327,20.000
12,23347,20.000
13,23368,21.000
14,23389,21.000
15,23411,22.000
16,23431,20.000
17,23452,21.000
18,23473,21.000
19,23494,21.000
20,23515,21.000
21,23537,22.000
22,23558,21.000
23,23578,20.000
24,23600,22.000
25,23620,20.000
26,23641,21.000
27,23663,22.000
28,23683,20.000
29,23704,21.000
30,23724,20.000
31,23744,20.000
32,23766,22.000
33,23786,20.000
34,23807,21.000
35,23827,20.000
36,23848,21.000
37,23868,20.000
38,23888,20.000
39,23909,21.000
40,23929,20.000
41,23950,21.000
42,23970,20.000
43,23990,20.000
44,24010,20.000
45,24031,21.000
46,24052,21.000
47,24074,22.000
48,24095,21.000
0,24115,20.000
1,24135,20.000
2,24159,24.000
3,24179,20.000
4,24199,20.000
5,24220,21.000
6,24240,20.000
7,24262,22.000
8,24283,21.000
9,24304,21.000
10,24326,22.000
11,24347,21.000
12,24368,21.000
13,24390,22.000
14,24411,21.000
15,24434,23.000
16,24455,21.000
17,24477,22.000
18,24497,20.000
19,24519,22.000
20,24540,21.000
21,24561,21.000
22,24583,22.000
23,24604,21.000
24,24625,21.000
25,24646,21.000
26,24667,21.000
27,24688,21.000
28,24709,21.000
29,24731,22.000
30,24752,21.000
31,24773,21.000
32,24795,22.000
33,24817,22.000
34,24838,21.000
35,24859,21.000
36,24880,21.000
37,24901,21.000
38,24922,21.000
39,24943,21.000
40,24972,29.000
41,24996,24.000
42,25021,25.000
43,25046,25.000
44,25068,22.000
45,25090,22.000
46,25111,21.000
0,25133,22.000
1,25155,22.000
2,25176,21.000
3,25198,22.000
4,25220,22.000
5,25243,23.000
6,25265,22.000
7,25287,22.000
8,25309,22.000
9,25331,22.000
10,25353,22.000
11,25375,22.000
12,25396,21.000
13,25417,21.000
14,25439,22.000
15,25462,23.000
16,25483,21.000
17,25506,23.000
18,25527,21.000
19,25548,21.000
20,25570,22.000
21,25592,22.000
22,25614,22.000
23,25639,25.000
24,25663,24.000
25,25688,25.000
26,25711,23.000
27,25733,22.000
28,25754,21.000
29,25776,22.000
30,25798,22.000
31,25820,22.000
32,25843,23.000
33,25864,21.000
34,25886,22.000
35,25907,21.000
36,25929,22.000
37,25951,22.000
38,25974,23.000
39,25996,22.000
40,26017,21.000
41,26038,21.000
42,26059,21.000
43,26081,22.000
44,26103,22.000
45,26124,21.000
0,26146,22.000
1,26167,21.000
2,26188,21.000
3,26209,21.000
4,26231,22.000
5,26252,21.000
6,26273,21.000
7,26295,22.000
8,26316,21.000
9,26339,23.000
10,26360,21.000
11,26381,21.000
12,26402,21.000
13,26423,21.000
14,26445,22.000
15,26467,22.000
16,26488,21.000
17,26510,22.000
18,26531,21.000
19,26553,22.000
20,26574,21.000
21,26596,22.000
22,26617,21.000
23,26639,22.000
24,26661,22.000
25,26682,21.000
26,26704,22.000
27,26725,21.000
28,26746,21.000
29,26768,22.000
30,26789,21.000
31,26810,21.000
32,26831,21.000
33,26851,20.000
34,26871,20.000
35,26891,20.000
36,26911,20.000
37,26932,21.000
38,26952,20.000
39,26973,21.000
40,26994,21.000
41,27015,21.000
42,27036,21.000
43,27056,20.000
44,27078,22.000
45,27099,21.000
46,27119,20.000
47,27141,22.000
0,27162,21.000
1,27183,21.000
2,27205,22.000
3,27226,21.000
4,27248,22.000
5,27269,21.000
6,27291,22.000
7,27312,21.000
8,27333,21.000
9,27355,22.000
10,27377,22.000
11,27398,21.000
12,27420,22.000
13,27441,21.000
14,27462,21.000
15,27483,21.000
16,27505,22.000
17,27527,22.000
18,27548,21.000
19,27570,22.000
20,27591,21.000
21,27613,22.000
22,27635,22.000
23,27657,22.000
24,27678,21.000
25,27700,22.000
26,27721,21.000
27,27743,22.000
28,27765,22.000
29,27787,22.000
30,27808,21.000
31,27828,20.000
32,27850,22.000
33,27871,21.000
34,27893,22.000
35,27914,21.000
36,27936,22.000
37,27957,21.000
38,27980,23.000
39,28002,22.000
40,28025,23.000
41,28047,22.000
42,28068,21.000
43,28090,22.000
44,28112,22.000
45,28134,22.000
46,28156,22.000
0,28178,22.000
1,28199,21.000
2,28221,22.000
3,28243,22.000
4,28264,21.000
5,28285,21.000
6,28306,21.000
7,28328,22.000
8,28351,23.000
9,28373,22.000
10,28395,22.000
11,28416,21.000
12,28437,21.000
13,28459,22.000
14,28481,22.000
15,28502,21.000
16,28524,22.000
17,28546,22.000
18,28567,21.000
19,28589,22.000
20,28611,22.000
21,28633,22.000
22,28654,21.000
23,28676,22.000
24,28697,21.000
25,28718,21.000
26,28740,22.000
27,28762,22.000
28,28783,21.000
29,28805,22.000
30,28826,21.000
31,28848,22.000
32,28870,22.000
33,28892,22.000
34,28914,22.000
35,28935,21.000
36,28957,22.000
37,28980,23.000
38,29002,22.000
39,29024,22.000
40,29047,23.000
41,29068,21.000
42,29090,22.000
43,29112,22.000
44,29134,22.000
45,29156,22.000
0,29177,21.000
1,29200,23.000
2,29222,22.000
3,29243,21.000
4,29265,22.000
5,29287,22.000
6,29308,21.000
7,29330,22.000
8,29351,21.000
9,29372,21.000
10,29394,22.000
11,29416,22.000
12,29437,21.000
13,29459,22.000
14,29479,20.000
15,29501,22.000
16,29523,22.000
17,29544,21.000
18,29566,22.000
19,29589,23.000
20,29610,21.000
21,29632,22.000
22,29654,22.000
23,29675,21.000
24,29696,21.000
25,29717,21.000
26,29740,23.000
27,29763,23.000
28,29784,21.000
29,29806,22.000
30,29827,21.000
31,29848,21.000
32,29870,22.000
33,29891,21.000
34,29912,21.000
35,29934,22.000
36,29956,22.000
37,29978,22.000
38,29999,21.000
39,30020,21.000
40,30042,22.000
41,30063,21.000
42,30084,21.000
43,30106,22.000
44,30128,22.000
45,30149,21.000
46,30170,21.000
0,30192,22.000
1,30215,23.000
2,30238,23.000
3,30260,22.000
4,30281,21.000
5,30303,22.000
6,30324,21.000
7,30346,22.000
8,30368,22.000
9,30390,22.000
10,30411,21.000
11,30432,21.000
12,30453,21.000
13,30475,22.000
14,30497,22.000
15,30519,22.000
16,30540,21.000
17,30563,23.000
18,30586,23.000
19,30607,21.000
20,30629,22.000
21,30650,21.000
22,30672,22.000
23,30694,22.000
24,30716,22.000
25,30738,22.000
26,30760,22.000
27,30782,22.000
28,30803,21.000
29,30826,23.000
30,30848,22.000
31,30869,21.000
32,30891,22.000
33,30913,22.000
34,30934,21.000
35,30955,21.000
36,30979,24.000
37,31001,22.000
38,31023,22.000
39,31045,22.000
40,31066,21.000
41,31088,22.000
42,31109,21.000
43,31132,23.000
44,31154,22.000
45,31176,22.000
0,31198,22.000
1,31220,22.000
2,31242,22.000
3,31266,24.000
4,31288,22.000
5,31309,21.000
6,31330,21.000
7,31351,21.000
8,31372,21.000
9,31394,22.000
10,31415,21.000
11,31437,22.000
12,31459,22.000
13,31480,21.000
14,31502,22.000
15,31524,22.000
16,31545,21.000
17,31566,21.000
18,31587,21.000
19,31609,22.000
20,31631,22.000
21,31652,21.000
22,31673,21.000
23,31695,22.000
24,31716,21.000
25,31738,22.000
26,31760,22.000
27,31782,22.000
28,31804,22.000
29,31825,21.000
30,31847,22.000
31,31869,22.000
32,31890,21.000
33,31912,22.000
34,31934,22.000
35,31956,22.000
36,31978,22.000
37,32000,22.000
38,32022,22.000
39,32043,21.000
40,32064,21.000
41,32086,22.000
42,32108,22.000
43,32129,21.000
44,32150,21.000
45,32172,22.000
46,32194,22.000
0,32215,21.000
1,32237,22.000
2,32258,21.000
3,32280,22.000
4,32301,21.000
5,32322,21.000
6,32343,21.000
7,32365,22.000
8,32386,21.000
9,32408,22.000
10,32429,21.000
11,32450,21.000
12,32472,22.000
13,32493,21.000
14,32515,22.000
15,32537,22.000
16,32558,21.000
17,32580,22.000
18,32601,21.000
19,32622,21.000
20,32643,21.000
21,32664,21.000
22,32686,22.000
23,32707,21.000
24,32728,21.000
25,32749,21.000
26,32772,23.000
27,32795,23.000
28,32817,22.000
29,32838,21.000
30,32860,22.000
31,32882,22.000
32,32904,22.000
33,32926,22.000
34,32947,21.000
35,32969,22.000
36,32990,21.000
37,33012,22.000
38,33034,22.000
39,33056,22.000
40,33079,23.000
41,33100,21.000
42,33122,22.000
43,33144,22.000
44,33166,22.000
45,33187,21.000
46,33208,21.000
0,33230,22.000
1,33252,22.000
2,33274,22.000
3,33295,21.000
4,33317,22.000
5,33338,21.000
6,33359,21.000
7,33381,22.000
8,33403,22.000
9,33425,22.000
10,33447,22.000
11,33469,22.000
12,33491,22.000
13,33512,21.000
14,33534,22.000
15,33556,22.000
16,33579,23.000
17,33600,21.000
18,33621,21.000
19,33643,22.000
20,33664,21.000
21,33687,23.000
22,33709,22.000
23,33730,21.000
24,33752,22.000
25,33773,21.000
26,33797,24.000
27,33819,22.000
28,33840,21.000
29,33862,22.000
30,33884,22.000
31,33905,21.000
32,33927,22.000
33,33949,22.000
34,33971,22.000
35,33993,22.000
36,34015,22.000
37,34036,21.000
38,34059,23.000
39,34081,22.000
40,34103,22.000
41,34124,21.000
42,34145,21.000
43,34167,22.000
44,34188,21.000
45,34210,22.000
0,34231,21.000
1,34253,22.000
2,34276,23.000
3,34297,21.000
4,34319,22.000
5,34340,21.000
6,34362,22.000
7,34383,21.000
8,34405,22.000
9,34426,21.000
10,34448,22.000
11,34470,22.000
12,34491,21.000
13,34512,21.000
14,34534,22.000
15,34555,21.000
16,34577,22.000
17,34599,22.000
18,34620,21.000
19,34642,22.000
20,34664,22.000
21,34687,23.000
22,34708,21.000
23,34730,22.000
24,34753,23.000
25,34776,23.000
26,34799,23.000
27,34821,22.000
28,34843,22.000
29,34865,22.000
30,34888,23.000
31,34910,22.000
32,34932,22.000
33,34953,21.000
34,34975,22.000
35,34997,22.000
36,35019,22.000
37,35041,22.000
38,35062,21.000
39,35084,22.000
40,35105,21.000
41,35128,23.000
42,35150,22.000
43,35172,22.000
44,35194,22.000
45,35215,21.000
0,35237,22.000
1,35260,23.000
2,35283,23.000
3,35305,22.000
4,35327,22.000
5,35349,22.000
6,35371,22.000
7,35393,22.000
8,35415,22.000
9,35436,21.000
10,35459,23.000
11,35480,21.000
12,35502,22.000
13,35524,22.000
14,35546,22.000
15,35570,24.000
16,35592,22.000
17,35614,22.000
18,35636,22.000
19,35658,22.000
20,35680,22.000
21,35701,21.000
22,35724,23.000
23,35747,23.000
24,35769,22.000
25,35791,22.000
26,35813,22.000
27,35835,22.000
28,35857,22.000
29,35879,22.000
30,35901,22.000
31,35924,23.000
32,35944,20.000
33,35965,21.000
34,35986,21.000
35,36007,21.000
36,36029,22.000
37,36049,20.000
38,36071,22.000
39,36092,21.000
40,36112,20.000
41,36134,22.000
42,36155,21.000
43,36176,21.000
44,36197,21.000
45,36218,21.000
0,36240,22.000
1,36261,21.000
2,36282,21.000
3,36303,21.000
4,36324,21.000
5,36345,21.000
6,36366,21.000
7,36388,22.000
8,36409,21.000
9,36429,20.000
10,36451,22.000
11,36473,22.000
12,36494,21.000
13,36515,21.000
14,36536,21.000
15,36557,21.000
16,36578,21.000
17,36600,22.000
18,36621,21.000
19,36642,21.000
20,36663,21.000
21,36685,22.000
22,36706,21.000
23,36728,22.000
24,36749,21.000
25,36770,21.000
26,36792,22.000
27,36813,21.000
28,36834,21.000
29,36856,22.000
30,36877,21.000
31,36899,22.000
32,36920,21.000
33,36941,21.000
34,36962,21.000
35,36983,21.000
36,37003,20.000
37,37024,21.000
38,37046,22.000
39,37067,21.000
40,37088,21.000
41,37109,21.000
42,37130,21.000
43,37151,21.000
44,37171,20.000
45,37192,21.000
46,37213,21.000
47,37235,22.000
0,37255,20.000
1,37276,21.000
2,37297,21.000
3,37319,22.000
4,37340,21.000
5,37361,21.000
6,37382,21.000
7,37403,21.000
8,37425,22.000
9,37447,22.000
10,37468,21.000
11,37489,21.000
12,37510,21.000
13,37531,21.000
14,37552,21.000
15,37573,21.000
16,37595,22.000
17,37616,21.000
18,37636,20.000
19,37657,21.000
20,37678,21.000
21,37700,22.000
22,37721,21.000
23,37743,22.000
24,37765,22.000
25,37786,21.000
26,37808,22.000
27,37829,21.000
28,37851,22.000
29,37873,22.000
30,37894,21.000
31,37915,21.000
32,37936,21.000
33,37957,21.000
34,37978,21.000
35,38000,22.000
36,38021,21.000
37,38042,21.000
38,38063,21.000
39,38084,21.000
40,38105,21.000
41,38126,21.000
42,38148,22.000
43,38169,21.000
44,38191,22.000
45,38212,21.000
46,38233,21.000
47,38254,21.000
0,38275,21.000
1,38296,21.000
2,38316,20.000
3,38337,21.000
4,38358,21.000
5,38379,21.000
6,38400,21.000
7,38421,21.000
8,38441,20.000
9,38463,22.000
10,38484,21.000
11,38505,21.000
12,38526,21.000
13,38546,20.000
14,38567,21.000
15,38589,22.000
16,38610,21.000
17,38632,22.000
18,38653,21.000
19,38675,22.000
20,38696,21.000
21,38716,20.000
22,38738,22.000
23,38758,20.000
24,38781,23.000
25,38802,21.000
26,38824,22.000
27,38845,21.000
28,38866,21.000
29,38886,20.000
30,38908,22.000
31,38929,21.000
32,38949,20.000
33,38970,21.000
34,38991,21.000
35,39013,22.000
36,39035,22.000
37,39056,21.000
38,39077,21.000
39,39098,21.000
40,39119,21.000
41,39140,21.000
42,39162,22.000
43,39184,22.000
44,39204,20.000
45,39225,21.000
46,39246,21.000
47,39267,21.000
0,39289,22.000
1,39310,21.000
2,39331,21.000
3,39352,21.000
4,39374,22.000
5,39394,20.000
6,39416,22.000
7,39437,21.000
8,39458,21.000
9,39480,22.000
10,39501,21.000
11,39522,21.000
12,39543,21.000
13,39566,23.000
14,39588,22.000
15,39610,22.000
16,39631,21.000
17,39652,21.000
18,39672,20.000
19,39694,22.000
20,39714,20.000
21,39737,23.000
22,39759,22.000
23,39782,23.000
24,39804,22.000
25,39825,21.000
26,39847,22.000
27,39868,21.000
28,39889,21.000
29,39910,21.000
30,39931,21.000
31,39952,21.000
32,39973,21.000
33,39995,22.000
34,40016,21.000
35,40038,22.000
36,40059,21.000
37,40080,21.000
38,40101,21.000
39,40124,23.000
40,40144,20.000
41,40165,21.000
42,40186,21.000
43,40207,21.000
44,40228,21.000
45,40250,22.000
46,40271,21.000
0,40292,21.000
1,40313,21.000
2,40334,21.000
3,40355,21.000
4,40376,21.000
5,40397,21.000
6,40418,21.000
7,40439,21.000
8,40460,21.000
9,40481,21.000
10,40502,21.000
11,40523,21.000
12,40545,22.000
13,40566,21.000
14,40587,21.000
15,40609,22.000
16,40630,21.000
17,40651,21.000
18,40672,21.000
19,40693,21.000
20,40714,21.000
21,40735,21.000
22,40756,21.000
23,40778,22.000
24,40799,21.000
25,40820,21.000
26,40842,22.000
27,40863,21.000
28,40885,22.000
29,40906,21.000
30,40927,21.000
31,40948,21.000
32,40970,22.000
33,40991,21.000
34,41012,21.000
35,41033,21.000
36,41054,21.000
37,41075,21.000
38,41097,22.000
39,41118,21.000
40,41139,21.000
41,41160,21.000
42,41181,21.000
43,41201,20.000
44,41223,22.000
45,41244,21.000
46,41265,21.000
47,41286,21.000
0,41307,21.000
1,41328,21.000
2,41350,22.000
3,41371,21.000
4,41392,21.000
5,41413,21.000
6,41434,21.000
7,41455,21.000
8,41478,23.000
9,41499,21.000
10,41521,22.000
11,41542,21.000
12,41563,21.000
13,41584,21.000
14,41606,22.000
15,41627,21.000
16,41648,21.000
17,41669,21.000
18,41690,21.000
19,41711,21.000
20,41732,21.000
21,41753,21.000
22,41776,23.000
23,41798,22.000
24,41820,22.000
25,41841,21.000
26,41863,22.000
27,41885,22.000
28,41907,22.000
29,41928,21.000
30,41949,21.000
31,41971,22.000
32,41993,22.000
33,42015,22.000
34,42036,21.000
35,42058,22.000
36,42081,23.000
37,42102,21.000
38,42123,21.000
39,42144,21.000
40,42166,22.000
41,42187,21.000
42,42209,22.000
43,42230,21.000
44,42251,21.000
45,42272,21.000
46,42293,21.000
0,42313,20.000
1,42335,22.000
2,42357,22.000
3,42378,21.000
4,42399,21.000
5,42420,21.000
6,42440,20.000
7,42461,21.000
8,42483,22.000
9,42504,21.000
10,42526,22.000
11,42547,21.000
12,42569,22.000
13,42591,22.000
14,42612,21.000
15,42633,21.000
16,42656,23.000
17,42678,22.000
18,42701,23.000
19,42723,22.000
20,42744,21.000
21,42765,21.000
22,42787,22.000
23,42809,22.000
24,42831,22.000
25,42852,21.000
26,42872,20.000
27,42893,21.000
28,42914,21.000
29,42935,21.000
30,42957,22.000
31,42978,21.000
32,42999,21.000
33,43020,21.000
34,43042,22.000
35,43064,22.000
36,43085,21.000
37,43106,21.000
38,43127,21.000
39,43149,22.000
40,43170,21.000
41,43192,22.000
42,43213,21.000
43,43234,21.000
44,43255,21.000
45,43276,21.000
46,43297,21.000
0,43320,23.000
1,43342,22.000
2,43364,22.000
3,43385,21.000
4,43406,21.000
5,43427,21.000
6,43449,22.000
7,43470,21.000
8,43492,22.000
9,43513,21.000
10,43534,21.000
11,43555,21.000
12,43576,21.000
13,43598,22.000
14,43619,21.000
15,43641,22.000
16,43662,21.000
17,43683,21.000
18,43705,22.000
19,43726,21.000
20,43748,22.000
21,43771,23.000
22,43792,21.000
23,43813,21.000
24,43834,21.000
25,43855,21.000
26,43877,22.000
27,43899,22.000
28,43920,21.000
29,43941,21.000
30,43962,21.000
31,43983,21.000
32,44005,22.000
33,44026,21.000
34,44047,21.000
35,44069,22.000
36,44090,21.000
37,44111,21.000
38,44132,21.000
39,44154,22.000
40,44176,22.000
41,44197,21.000
42,44219,22.000
43,44240,21.000
44,44262,22.000
45,44283,21.000
46,44304,21.000
0,44327,23.000
1,44348,21.000
2,44368,20.000
3,44389,21.000
4,44410,21.000
5,44432,22.000
6,44453,21.000
7,44474,21.000
8,44495,21.000
9,44517,22.000
10,44538,21.000
11,44559,21.000
12,44581,22.000
13,44602,21.000
14,44624,22.000
15,44645,21.000
16,44667,22.000
17,44689,22.000
18,44711,22.000
19,44733,22.000
20,44755,22.000
21,44777,22.000
22,44801,24.000
23,44823,22.000
24,44845,22.000
25,44868,23.000
26,44891,23.000
27,44915,24.000
28,44936,21.000
29,44959,23.000
30,44981,22.000
31,45003,22.000
32,45025,22.000
33,45047,22.000
34,45069,22.000
35,45091,22.000
36,45113,22.000
37,45134,21.000
38,45156,22.000
39,45178,22.000
40,45199,21.000
41,45222,23.000
42,45243,21.000
43,45265,22.000
44,45287,22.000
45,45309,22.000
0,45332,23.000
1,45356,24.000
2,45378,22.000
3,45400,22.000
4,45423,23.000
5,45446,23.000
6,45468,22.000
7,45489,21.000
8,45511,22.000
9,45533,22.000
10,45555,22.000
11,45578,23.000
12,45601,23.000
13,45623,22.000
14,45645,22.000
15,45667,22.000
16,45689,22.000
17,45711,22.000
18,45734,23.000
19,45757,23.000
20,45778,21.000
21,45800,22.000
22,45823,23.000
23,45845,22.000
24,45867,22.000
25,45889,22.000
26,45911,22.000
27,45934,23.000
28,45957,23.000
29,45981,24.000
30,46004,23.000
31,46026,22.000
32,46048,22.000
33,46070,22.000
34,46094,24.000
35,46120,26.000
36,46145,25.000
37,46168,23.000
38,46191,23.000
39,46213,22.000
40,46236,23.000
41,46259,23.000
42,46282,23.000
43,46305,23.000
44,46327,22.000
0,46350,23.000
1,46373,23.000
2,46395,22.000
3,46419,24.000
4,46442,23.000
5,46466,24.000
6,46488,22.000
7,46511,23.000
8,46534,23.000
9,46556,22.000
10,46578,22.000
11,46601,23.000
12,46623,22.000
13,46646,23.000
14,46668,22.000
15,46690,22.000
16,46712,22.000
17,46734,22.000
18,46758,24.000
19,46781,23.000
20,46803,22.000
21,46825,22.000
22,46847,22.000
23,46869,22.000
24,46892,23.000
25,46914,22.000
26,46936,22.000
27,46959,23.000
28,46981,22.000
29,47003,22.000
30,47026,23.000
31,47048,22.000
32,47070,22.000
33,47093,23.000
34,47115,22.000
35,47138,23.000
36,47160,22.000
37,47182,22.000
38,47204,22.000
39,47227,23.000
40,47249,22.000
41,47271,22.000
42,47293,22.000
43,47316,23.000
44,47338,22.000
0,47360,22.000
1,47383,23.000
2,47404,21.000
3,47427,23.000
4,47449,22.000
5,47471,22.000
6,47494,23.000
7,47516,22.000
8,47538,22.000
9,47560,22.000
10,47583,23.000
11,47605,22.000
12,47627,22.000
13,47649,22.000
14,47672,23.000
15,47694,22.000
16,47716,22.000
17,47738,22.000
18,47761,23.000
19,47784,23.000
20,47808,24.000
21,47830,22.000
22,47853,23.000
23,47875,22.000
24,47897,22.000
25,47919,22.000
26,47941,22.000
27,47963,22.000
28,47985,22.000
29,48007,22.000
30,48030,23.000
31,48052,22.000
32,48074,22.000
33,48096,22.000
34,48117,21.000
35,48140,23.000
36,48162,22.000
37,48184,22.000
38,48205,21.000
39,48227,22.000
40,48248,21.000
41,48271,23.000
42,48293,22.000
43,48315,22.000
44,48337,22.000
45,48360,23.000
0,48383,23.000
1,48404,21.000
2,48426,22.000
3,48448,22.000
4,48471,23.000
5,48493,22.000
6,48516,23.000
7,48538,22.000
8,48560,22.000
9,48582,22.000
10,48606,24.000
11,48627,21.000
12,48648,21.000
13,48670,22.000
14,48692,22.000
15,48713,21.000
16,48735,22.000
17,48756,21.000
18,48777,21.000
19,48798,21.000
20,48820,22.000
21,48841,21.000
22,48862,21.000
23,48885,23.000
24,48906,21.000
25,48927,21.000
26,48949,22.000
27,48970,21.000
28,48992,22.000
29,49014,22.000
30,49035,21.000
31,49057,22.000
32,49077,20.000
33,49099,22.000
34,49120,21.000
35,49142,22.000
36,49163,21.000
37,49184,21.000
38,49205,21.000
39,49227,22.000
40,49248,21.000
41,49270,22.000
42,49291,21.000
43,49313,22.000
44,49335,22.000
45,49357,22.000
46,49378,21.000
0,49400,22.000
1,49422,22.000
2,49444,22.000
3,49465,21.000
4,49487,22.000
5,49509,22.000
6,49530,21.000
7,49552,22.000
8,49573,21.000
9,49595,22.000
10,49616,21.000
11,49637,21.000
12,49658,21.000
13,49679,21.000
14,49700,21.000
15,49721,21.000
16,49742,21.000
17,49764,22.000
18,49785,21.000
19,49806,21.000
20,49827,21.000
21,49849,22.000
22,49870,21.000
23,49893,23.000
24,49914,21.000
25,49936,22.000
26,49957,21.000
27,49978,21.000
28,49999,21.000
29,50021,22.000
30,50042,21.000
31,50063,21.000
32,50084,21.000
33,50105,21.000
34,50126,21.000
35,50148,22.000
36,50169,21.000
37,50191,22.000
38,50212,21.000
39,50234,22.000
40,50256,22.000
41,50277,21.000
42,50298,21.000
43,50319,21.000
44,50340,21.000
45,50362,22.000
46,50385,23.000
0,50406,21.000
1,50428,22.000
2,50450,22.000
3,50471,21.000
4,50493,22.000
5,50514,21.000
6,50535,21.000
7,50556,21.000
8,50578,22.000
9,50599,21.000
10,50621,22.000
11,50643,22.000
12,50665,22.000
13,50686,21.000
14,50707,21.000
15,50729,22.000
16,50751,22.000
17,50772,21.000
18,50793,21.000
19,50814,21.000
20,50835,21.000
21,50857,22.000
22,50880,23.000
23,50902,22.000
24,50923,21.000
25,50944,21.000
26,50965,21.000
27,50987,22.000
28,51009,22.000
29,51030,21.000
30,51052,22.000
31,51073,21.000
32,51094,21.000
33,51115,21.000
34,51136,21.000
35,51158,22.000
36,51179,21.000
37,51200,21.000
38,51222,22.000
39,51243,21.000
40,51264,21.000
41,51285,21.000
42,51307,22.000
43,51328,21.000
44,51349,21.000
45,51372,23.000
46,51393,21.000
0,51414,21.000
1,51435,21.000
2,51456,21.000
3,51478,22.000
4,51499,21.000
5,51521,22.000
6,51542,21.000
7,51563,21.000
8,51584,21.000
9,51606,22.000
10,51627,21.000
11,51648,21.000
12,51670,22.000
13,51691,21.000
14,51712,21.000
15,51733,21.000
16,51754,21.000
17,51776,22.000
18,51797,21.000
19,51818,21.000
20,51840,22.000
21,51861,21.000
22,51883,22.000
23,51904,21.000
24,51925,21.000
25,51946,21.000
26,51968,22.000
27,51990,22.000
28,52011,21.000
29,52032,21.000
30,52053,21.000
31,52074,21.000
32,52096,22.000
33,52117,21.000
34,52139,22.000
35,52160,21.000
36,52181,21.000
37,52202,21.000
38,52223,21.000
39,52245,22.000
40,52267,22.000
41,52288,21.000
42,52309,21.000
43,52330,21.000
44,52352,22.000
45,52373,21.000
46,52394,21.000
0,52415,21.000
1,52436,21.000
2,52458,22.000
3,52479,21.000
4,52501,22.000
5,52521,20.000
6,52542,21.000
7,52563,21.000
8,52585,22.000
9,52608,23.000
10,52629,21.000
11,52651,22.000
12,52672,21.000
13,52693,21.000
14,52714,21.000
15,52736,22.000
16,52757,21.000
17,52778,21.000
18,52799,21.000
19,52820,21.000
20,52842,22.000
21,52863,21.000
22,52885,22.000
23,52907,22.000
24,52928,21.000
25,52949,21.000
26,52971,22.000
27,52993,22.000
28,53015,22.000
29,53036,21.000
30,53057,21.000
31,53078,21.000
32,53099,21.000
33,53120,21.000
34,53142,22.000
35,53163,21.000
36,53184,21.000
37,53205,21.000
38,53227,22.000
39,53249,22.000
40,53270,21.000
41,53292,22.000
42,53313,21.000
43,53334,21.000
44,53356,22.000
45,53377,21.000
46,53398,21.000
0,53419,21.000
1,53440,21.000
2,53461,21.000
3,53483,22.000
4,53505,22.000
5,53527,22.000
6,53548,21.000
7,53570,22.000
8,53592,22.000
9,53613,21.000
10,53635,22.000
11,53656,21.000
12,53679,23.000
13,53701,22.000
14,53722,21.000
15,53743,21.000
16,53764,21.000
17,53785,21.000
18,53806,21.000
19,53827,21.000
20,53848,21.000
21,53872,24.000
22,53893,21.000
23,53916,23.000
24,53937,21.000
25,53958,21.000
26,53979,21.000
27,54000,21.000
28,54022,22.000
29,54042,20.000
30,54063,21.000
31,54084,21.000
32,54106,22.000
33,54127,21.000
34,54148,21.000
35,54169,21.000
36,54191,22.000
37,54212,21.000
38,54234,22.000
39,54256,22.000
40,54278,22.000
41,54299,21.000
42,54321,22.000
43,54342,21.000
44,54364,22.000
45,54385,21.000
46,54406,21.000
0,54427,21.000
1,54449,22.000
2,54470,21.000
3,54493,23.000
4,54514,21.000
5,54536,22.000
6,54557,21.000
7,54579,22.000
8,54600,21.000
9,54622,22.000
10,54644,22.000
11,54665,21.000
12,54686,21.000
13,54708,22.000
14,54729,21.000
15,54751,22.000
16,54773,22.000
17,54795,22.000
18,54817,22.000
19,54838,21.000
20,54860,22.000
21,54881,21.000
22,54903,22.000
23,54924,21.000
24,54945,21.000
25,54966,21.000
26,54988,22.000
27,55010,22.000
28,55031,21.000
29,55052,21.000
30,55074,22.000
31,55096,22.000
32,55118,22.000
33,55140,22.000
34,55162,22.000
35,55183,21.000
36,55204,21.000
37,55225,21.000
38,55247,22.000
39,55269,22.000
40,55290,21.000
41,55312,22.000
42,55334,22.000
43,55355,21.000
44,55376,21.000
45,55398,22.000
46,55420,22.000
0,55441,21.000
1,55463,22.000
2,55484,21.000
3,55506,22.000
4,55527,21.000
5,55548,21.000
6,55570,22.000
7,55592,22.000
8,55613,21.000
9,55634,21.000
10,55656,22.000
11,55677,21.000
12,55699,22.000
13,55720,21.000
14,55742,22.000
15,55765,23.000
16,55788,23.000
17,55809,21.000
18,55831,22.000
19,55852,21.000
20,55874,22.000
21,55896,22.000
22,55917,21.000
23,55939,22.000
24,55961,22.000
25,55983,22.000
26,56006,23.000
27,56027,21.000
28,56048,21.000
29,56070,22.000
30,56091,21.000
31,56112,21.000
32,56134,22.000
33,56156,22.000
34,56177,21.000
35,56198,21.000
36,56221,23.000
37,56242,21.000
38,56264,22.000
39,56285,21.000
40,56306,21.000
41,56327,21.000
42,56348,21.000
43,56369,21.000
44,56391,22.000
45,56412,21.000
46,56434,22.000
0,56456,22.000
1,56477,21.000
2,56499,22.000
3,56520,21.000
4,56541,21.000
5,56562,21.000
6,56584,22.000
7,56606,22.000
8,56627,21.000
9,56648,21.000
10,56669,21.000
11,56690,21.000
12,56711,21.000
13,56732,21.000
14,56753,21.000
15,56775,22.000
16,56796,21.000
17,56817,21.000
18,56839,22.000
19,56861,22.000
20,56883,22.000
21,56905,22.000
22,56926,21.000
23,56947,21.000
24,56968,21.000
25,56990,22.000
26,57011,21.000
27,57033,22.000
28,57054,21.000
29,57076,22.000
30,57097,21.000
31,57119,22.000
32,57141,22.000
33,57163,22.000
34,57184,21.000
35,57206,22.000
36,57228,22.000
37,57249,21.000
38,57270,21.000
39,57292,22.000
40,57313,21.000
41,57335,22.000
42,57356,21.000
43,57378,22.000
44,57399,21.000
45,57421,22.000
46,57442,21.000
0,57464,22.000
1,57485,21.000
2,57507,22.000
3,57528,21.000
4,57549,21.000
5,57572,23.000
6,57594,22.000
7,57616,22.000
8,57637,21.000
9,57659,22.000
10,57680,21.000
11,57701,21.000
12,57723,22.000
13,57744,21.000
14,57766,22.000
15,57788,22.000
16,57809,21.000
17,57831,22.000
18,57852,21.000
19,57873,21.000
20,57895,22.000
21,57918,23.000
22,57939,21.000
23,57961,22.000
24,57982,21.000
25,58004,22.000
26,58025,21.000
27,58047,22.000
28,58068,21.000
29,58090,22.000
30,58112,22.000
31,58135,23.000
32,58156,21.000
33,58177,21.000
34,58199,22.000
35,58220,21.000
36,58241,21.000
37,58264,23.000
38,58286,22.000
39,58307,21.000
40,58330,23.000
41,58352,22.000
42,58374,22.000
43,58396,22.000
44,58416,20.000
45,58438,22.000
46,58459,21.000
0,58480,21.000
1,58502,22.000
2,58523,21.000
3,58545,22.000
4,58565,20.000
5,58587,22.000
6,58608,21.000
7,58630,22.000
8,58651,21.000
9,58673,22.000
10,58695,22.000
11,58716,21.000
12,58737,21.000
13,58759,22.000
14,58780,21.000
15,58803,23.000
16,58825,22.000
17,58846,21.000
18,58868,22.000
19,58891,23.000
20,58912,21.000
21,58934,22.000
22,58955,21.000
23,58977,22.000
24,58998,21.000
25,59020,22.000
26,59041,21.000
27,59063,22.000
28,59084,21.000
29,59106,22.000
30,59127,21.000
31,59149,22.000
32,59170,21.000
33,59191,21.000
34,59213,22.000
35,59234,21.000
36,59256,22.000
37,59277,21.000
38,59298,21.000
39,59319,21.000
40,59341,22.000
41,59362,21.000
42,59384,22.000
43,59405,21.000
44,59427,22.000
45,59448,21.000
46,59469,21.000
0,59491,22.000
1,59512,21.000
2,59533,21.000
3,59555,22.000
4,59576,21.000
5,59598,22.000
6,59619,21.000
7,59641,22.000
8,59662,21.000
9,59683,21.000
10,59705,22.000
11,59726,21.000
12,59748,22.000
13,59769,21.000
14,59790,21.000
15,59812,22.000
16,59833,21.000
17,59854,21.000
18,59876,22.000
19,59898,22.000
20,59919,21.000
21,59941,22.000
22,59962,21.000
23,59984,22.000
24,60006,22.000
25,60027,21.000
26,60049,22.000
27,60071,22.000
28,60092,21.000
29,60113,21.000
30,60135,22.000
31,60157,22.000
32,60178,21.000
33,60199,21.000
34,60220,21.000
35,60241,21.000
36,60263,22.000
37,60285,22.000
38,60306,21.000
39,60327,21.000
40,60349,22.000
41,60371,22.000
42,60392,21.000
43,60413,21.000
44,60435,22.000
45,60457,22.000
46,60478,21.000
0,60500,22.000
1,60521,21.000
2,60542,21.000
3,60563,21.000
4,60585,22.000
5,60608,23.000
6,60630,22.000
7,60652,22.000
8,60673,21.000
9,60695,22.000
10,60716,21.000
11,60738,22.000
12,60759,21.000
13,60780,21.000
14,60801,21.000
15,60823,22.000
16,60844,21.000
17,60866,22.000
18,60888,22.000
19,60909,21.000
20,60930,21.000
21,60952,22.000
22,60975,23.000
23,60996,21.000
24,61018,22.000
25,61039,21.000
26,61060,21.000
27,61082,22.000
28,61104,22.000
29,61126,22.000
30,61149,23.000
31,61170,21.000
32,61192,22.000
33,61213,21.000
34,61235,22.000
35,61256,21.000
36,61278,22.000
37,61299,21.000
38,61320,21.000
39,61342,22.000
40,61363,21.000
41,61385,22.000
42,61406,21.000
43,61427,21.000
44,61449,22.000
45,61470,21.000
46,61491,21.000
0,61513,22.000
1,61535,22.000
2,61557,22.000
3,61578,21.000
4,61601,23.000
5,61622,21.000
6,61644,22.000
7,61666,22.000
8,61687,21.000
9,61710,23.000
10,61732,22.000
11,61753,21.000
12,61774,21.000
13,61796,22.000
14,61818,22.000
15,61840,22.000
16,61862,22.000
17,61884,22.000
18,61906,22.000
19,61926,20.000
20,61948,22.000
21,61970,22.000
22,61991,21.000
23,62012,21.000
24,62034,22.000
25,62056,22.000
26,62077,21.000
27,62098,21.000
28,62120,22.000
29,62142,22.000
30,62163,21.000
31,62185,22.000
32,62206,21.000
33,62228,22.000
34,62250,22.000
35,62272,22.000
36,62294,22.000
37,62315,21.000
38,62338,23.000
39,62359,21.000
40,62381,22.000
41,62402,21.000
42,62424,22.000
43,62446,22.000
44,62467,21.000
45,62489,22.000
46,62510,21.000
0,62532,22.000
1,62554,22.000
2,62576,22.000
3,62598,22.000
4,62620,22.000
5,62643,23.000
6,62665,22.000
7,62687,22.000
8,62709,22.000
9,62730,21.000
10,62753,23.000
11,62775,22.000
12,62797,22.000
13,62819,22.000
14,62840,21.000
15,62862,22.000
16,62884,22.000
17,62905,21.000
18,62927,22.000
19,62948,21.000
20,62970,22.000
21,62991,21.000
22,63013,22.000
23,63034,21.000
24,63057,23.000
25,63078,21.000
26,63100,22.000
27,63121,21.000
28,63142,21.000
29,63164,22.000
30,63185,21.000
31,63207,22.000
32,63228,21.000
33,63250,22.000
34,63271,21.000
35,63293,22.000
36,63315,22.000
37,63336,21.000
38,63357,21.000
39,63379,22.000
40,63400,21.000
41,63422,22.000
42,63443,21.000
43,63464,21.000
44,63485,21.000
45,63507,22.000
46,63529,22.000
0,63550,21.000
1,63571,21.000
2,63593,22.000
3,63615,22.000
4,63637,22.000
5,63658,21.000
6,63680,22.000
7,63701,21.000
8,63723,22.000
9,63745,22.000
10,63766,21.000
11,63789,23.000
12,63811,22.000
13,63833,22.000
14,63854,21.000
15,63876,22.000
16,63898,22.000
17,63920,22.000
18,63941,21.000
19,63962,21.000
20,63984,22.000
21,64006,22.000
22,64028,22.000
23,64050,22.000
24,64072,22.000
25,64094,22.000
26,64115,21.000
27,64138,23.000
28,64161,23.000
29,64182,21.000
30,64204,22.000
31,64227,23.000
32,64249,22.000
33,64271,22.000
34,64292,21.000
35,64314,22.000
36,64337,23.000
37,64359,22.000
38,64382,23.000
39,64404,22.000
40,64425,21.000
41,64447,22.000
42,64468,21.000
43,64490,22.000
44,64512,22.000
45,64534,22.000
0,64555,21.000
1,64576,21.000
2,64598,22.000
3,64619,21.000
4,64641,22.000
5,64663,22.000
6,64685,22.000
7,64707,22.000
8,64730,23.000
9,64751,21.000
10,64773,22.000
11,64795,22.000
12,64817,22.000
13,64838,21.000
14,64860,22.000
15,64883,23.000
16,64906,23.000
17,64927,21.000
18,64949,22.000
19,64971,22.000
20,64993,22.000
21,65015,22.000
22,65037,22.000
23,65059,22.000
24,65082,23.000
25,65104,22.000
26,65126,22.000
27,65150,24.000
28,65173,23.000
29,65196,23.000
30,65217,21.000
31,65238,21.000
32,65259,21.000
33,65281,22.000
34,65303,22.000
35,65325,22.000
36,65346,21.000
37,65369,23.000
38,65390,21.000
39,65412,22.000
40,65435,23.000
41,65457,22.000
42,65479,22.000
43,65502,23.000
44,65524,22.000
45,65548,24.000
0,65569,21.000
1,65592,23.000
2,65615,23.000
3,65638,23.000
4,65659,21.000
5,65680,21.000
6,65701,21.000
7,65723,22.000
8,65745,22.000
9,65769,24.000
10,65790,21.000
11,65812,22.000
12,65834,22.000
13,65855,21.000
14,65877,22.000
15,65899,22.000
16,65920,21.000
17,65941,21.000
18,65963,22.000
19,65985,22.000
20,66006,21.000
21,66028,22.000
22,66049,21.000
23,66071,22.000
24,66093,22.000
25,66115,22.000
26,66137,22.000
27,66159,22.000
28,66181,22.000
29,66202,21.000
30,66224,22.000
31,66245,21.000
32,66267,22.000
33,66288,21.000
34,66310,22.000
35,66332,22.000
36,66354,22.000
37,66375,21.000
38,66396,21.000
39,66418,22.000
40,66440,22.000
41,66461,21.000
42,66482,21.000
43,66504,22.000
44,66525,21.000
45,66546,21.000
46,66568,22.000
0,66589,21.000
1,66610,21.000
2,66632,22.000
3,66654,22.000
4,66678,24.000
5,66699,21.000
6,66721,22.000
7,66742,21.000
8,66764,22.000
9,66787,23.000
10,66810,23.000
11,66832,22.000
12,66854,22.000
13,66875,21.000
14,66898,23.000
15,66919,21.000
16,66941,22.000
17,66962,21.000
18,66983,21.000
19,67004,21.000
20,67025,21.000
21,67046,21.000
22,67067,21.000
23,67090,23.000
24,67111,21.000
25,67132,21.000
26,67153,21.000
27,67177,24.000
28,67198,21.000
29,67220,22.000
30,67241,21.000
31,67262,21.000
32,67284,22.000
33,67306,22.000
34,67328,22.000
35,67349,21.000
36,67371,22.000
37,67393,22.000
38,67414,21.000
39,67435,21.000
40,67457,22.000
41,67478,21.000
42,67500,22.000
43,67522,22.000
44,67544,22.000
45,67565,21.000
46,67587,22.000
0,68610,1023.000
0,68963,353.000
1,69958,995.000
0,70643,685.000
1,70665,22.000
2,70687,22.000
3,70710,23.000
4,70733,23.000
5,70754,21.000
6,70776,22.000
7,70797,21.000
8,70818,21.000
9,70839,21.000
10,70860,21.000
11,70882,22.000
12,70903,21.000
13,70925,22.000
14,70946,21.000
15,70971,25.000
0,70996,25.000
1,71022,26.000
2,71045,23.000
3,71066,21.000
4,71088,22.000
5,71110,22.000
6,71131,21.000
7,71152,21.000
8,71174,22.000
9,71196,22.000
10,71217,21.000
11,71238,21.000
12,71259,21.000
13,71281,22.000
14,71302,21.000
15,71324,22.000
16,71345,21.000
17,71366,21.000
18,71388,22.000
19,71409,21.000
20,71430,21.000
21,71451,21.000
22,71472,21.000
23,71493,21.000
24,71515,22.000
25,71537,22.000
26,71557,20.000
27,71579,22.000
28,71599,20.000
29,71620,21.000
30,71642,22.000
31,71664,22.000
32,71685,21.000
33,71707,22.000
34,71728,21.000
35,71752,24.000
36,71775,23.000
37,71797,22.000
38,71820,23.000
39,71841,21.000
40,71863,22.000
41,71885,22.000
42,71908,23.000
43,71930,22.000
44,71953,23.000
45,71975,22.000
0,71997,22.000
1,72019,22.000
2,72041,22.000
3,72063,22.000
4,72085,22.000
5,72107,22.000
6,72130,23.000
7,72152,22.000
8,72174,22.000
9,72196,22.000
10,72218,22.000
11,72241,23.000
12,72264,23.000
13,72285,21.000
14,72307,22.000
15,72329,22.000
16,72350,21.000
17,72372,22.000
18,72395,23.000
19,72416,21.000
20,72438,22.000
21,72459,21.000
22,72481,22.000
23,72503,22.000
24,72525,22.000
25,72547,22.000
26,72569,22.000
27,72591,22.000
28,72613,22.000
29,72637,24.000
30,72659,22.000
31,72681,22.000
32,72703,22.000
33,72724,21.000
34,72745,21.000
35,72767,22.000
36,72791,24.000
37,72815,24.000
38,72839,24.000
39,72861,22.000
40,72883,22.000
41,72905,22.000
42,72927,22.000
43,72948,21.000
44,72971,23.000
45,72992,21.000
0,73015,23.000
1,73036,21.000
2,73058,22.000
